Mean,Mode,Slope,bottle
-5.69185776913467,-0.03,-5.15372899706758,1
-3.2907371421174,-2.154,-3.19714139755892,2
-0.168481785895671,-0.009,-0.00787070109326509,3
-0.35758345563307,-0.189,-0.118471868688681,4
-10.8760997494606,-6.195,-10.8040678179451,5
-3.75488635903538,-2.805,-3.63515863887096,6
-8.37623736006401,-4.515,-8.31341323448062,8
-0.312507045965125,-0.018,0.0649439620762559,9
-1.4964960501735,-1.074,-1.38520358590516,10
-1.42364939037891,-1.086,-1.32663021138681,11
-1.15739337400972,-0.858,-1.02188811426788,12
