Mean,Mode,Slope,bottle
-0.434960074429449,-0.126,-0.154948726347829,6
-4.33460329166163,-4.305,-4.27307885481677,8
-12.0552293962773,-11.685,-11.7985217192552,9
-0.607939084411399,-0.045,-0.0529092042336043,10
-0.347633752985168,-0.174,-0.196436848657215,11
-0.392235076450301,-0.162,-0.190792041595388,12
-1.67483626377541,-1.47,-1.58714861308029,5
-1.3528964717955,-1.158,-1.23986159220401,1
-5.85615579864999,-5.715,-5.83170959899067,2
-13.3897467573046,-0.03,-13.4430225633999,3
-2.35539321809532,-1.902,-2.27976360714416,4
-14.6465970706517,-16.665,-14.6683553667474,7
