Mean,Mode,Slope,bottle
-1.47240028814207,-1.125,-1.34047552417151,4
-1.94583590212884,-1.815,-1.8790852521013,5
-0.28088158471451,-0.138,-0.134373298342898,6
-5.25074434457757,-0.03,-4.92392257638229,7
-8.2692178222305,-7.575,-8.15252247520441,1
-1.61870326465601,-1.374,-1.52166131294064,3
-0.483196909701428,-0.342,-0.354295392911632,8
-5.78694253152853,-4.425,-5.69010879982021,9
-0.275654979044209,-0.141,-0.168975727068156,10
-12.6759963660066,-9.03,-12.6961084861544,11
-4.83087600718256,-3.345,-4.76304158876372,12
-0.457761947417164,-0.234,-0.281723731398441,2
